,baseline_rmse,baseline_mae,linear_rmse,rf_rmse,gbr_rmse,lstm_rmse
AAPL,0.01793665026097063,0.014465205884315768,0.16231759787616376,0.010249359001613128,0.012674518402808145,0.007166697142787478
MSFT,0.011492497267481137,0.010820628317738251,0.16654261399548503,0.015405301229419266,0.01671549478071207,0.004916874643506604
NFLX,0.019314161441370818,0.01693748842578935,0.066979900595145,0.01681640363311237,0.02141885738848529,0.011493776449537328
GOOGL,0.017713267689122746,0.013472542722098163,0.03939303175732989,0.014005909337847488,0.014410217834526371,0.005486265823314312
